{"MAPE_Loss": 0.992152214050293, "epoch": 5, "_timestamp": 1706495184.9575925, "_runtime": 16.949962377548218, "_step": 5, "_wandb": {"runtime": 16}}