{"MAPE_Loss": 0.9918457269668579, "epoch": 1, "_timestamp": 1706496372.2056844, "_runtime": 9.081178426742554, "_step": 1, "_wandb": {"runtime": 8}}