{"Step_MAPE_Loss": 1.0824110507965088, "epoch": 6, "_timestamp": 1706719738.633179, "_runtime": 34.6166410446167, "_step": 13, "Epoch_MAPE_Loss": 1.0824110507965088, "_wandb": {"runtime": 37}}