{"MAPE_Loss": 0.992152214050293, "epoch": 18, "_timestamp": 1706494797.2325175, "_runtime": 9.307177543640137, "_step": 18, "_wandb": {"runtime": 8}}