{"MAPE_Loss": 255.1302490234375, "epoch": 2, "_timestamp": 1705941176.971256, "_runtime": 1644.6358709335327, "_step": 54, "_wandb": {"runtime": 1683}}