{"MAPE_Loss": 0.9919669032096863, "epoch": 2, "_timestamp": 1706496505.2848597, "_runtime": 10.521719694137573, "_step": 2, "_wandb": {"runtime": 10}}