{"MAPE_Loss": 21.305490493774414, "epoch": 0, "_timestamp": 1706130605.0251389, "_runtime": 27.769101858139038, "_step": 9, "_wandb": {"runtime": 28}}