{"MAPE_Loss": 0.992152214050293, "epoch": 4, "_timestamp": 1706495838.3465054, "_runtime": 13.526942491531372, "_step": 4, "_wandb": {"runtime": 14}}