{"MAPE_Loss": 2.963381290435791, "epoch": 99, "_timestamp": 1706165911.5838149, "_runtime": 33001.135014772415, "_step": 299, "_wandb": {"runtime": 33066}}