{"MAPE_Loss": 0.876995325088501, "epoch": 0, "_timestamp": 1706130560.913538, "_runtime": 23.422388076782227, "_step": 5, "_wandb": {"runtime": 24}}