{"MAPE_Loss": 5.847841262817383, "epoch": 0, "_timestamp": 1706129882.416624, "_runtime": 50.63363313674927, "_step": 10, "_wandb": {"runtime": 51}}