{"MAPE_Loss": 1.0001060962677002, "epoch": 1, "_timestamp": 1706511240.0017183, "_runtime": 640.3721032142639, "_step": 4, "_wandb": {"runtime": 641}}