{"MAPE_Loss": 0.9921398162841797, "epoch": 10, "_timestamp": 1706494608.797583, "_runtime": 20.01073122024536, "_step": 10, "_wandb": {"runtime": 20}}