{"MAPE_Loss": 11.534590721130371, "epoch": 0, "_timestamp": 1706130856.948027, "_runtime": 28.155273914337158, "_step": 6, "_wandb": {"runtime": 29}}