{"MAPE_Loss": 0.992152214050293, "epoch": 23, "_timestamp": 1706494636.977968, "_runtime": 10.74047589302063, "_step": 23, "_wandb": {"runtime": 10}}