{"MAPE_Loss": 0.6537171602249146, "epoch": 11, "_timestamp": 1706493087.9267867, "_runtime": 1555.3383965492249, "_step": 22, "_wandb": {"runtime": 1573}}