{"MAPE_Loss": 0.7132657170295715, "epoch": 7, "_timestamp": 1706132882.408309, "_runtime": 1041.7644979953766, "_step": 21, "_wandb": {"runtime": 1053}}