{"MAPE_Loss": 1.68366277217865, "epoch": 0, "_timestamp": 1706495505.366386, "_runtime": 5.71435284614563, "_step": 0, "_wandb": {"runtime": 5}}