{"MAPE_Loss": 0.7184869050979614, "epoch": 99, "_timestamp": 1706417499.755317, "_runtime": 3990.4815220832825, "_step": 299, "_wandb": {"runtime": 3998}}