{"MAPE_Loss": 0.8861408233642578, "epoch": 99, "_timestamp": 1706498723.53882, "_runtime": 5495.0950701236725, "_step": 399, "_wandb": {"runtime": 5503}}