{"Step_MAPE_Loss": 0.9996488690376282, "epoch": 99, "_timestamp": 1706513129.1445763, "_runtime": 1804.642891407013, "_step": 199, "Epoch_MAPE_Loss": 0.9996488690376282, "_wandb": {"runtime": 1804}}