{"Step_MAPE_Loss": 0.7988672852516174, "epoch": 99, "_timestamp": 1706654811.6145227, "_runtime": 815.6560986042023, "_step": 199, "Epoch_MAPE_Loss": 0.7988672852516174, "_wandb": {"runtime": 817}}