{"Step_MAPE_Loss": 0.9998041987419128, "epoch": 11, "_timestamp": 1706548408.621259, "_runtime": 204.7969069480896, "_step": 23, "Epoch_MAPE_Loss": 0.9998041987419128, "_wandb": {"runtime": 217}}