{"MAPE_Loss": 4894.20458984375, "epoch": 0, "_timestamp": 1706130042.0731819, "_runtime": 57.88965392112732, "_step": 22, "_wandb": {"runtime": 59}}