{"MAPE_Loss": 0.7463747262954712, "epoch": 99, "_timestamp": 1706256999.547055, "_runtime": 36393.873563051224, "_step": 299, "_wandb": {"runtime": 36452}}