{"Step_MAPE_Loss": 0.8120376467704773, "epoch": 4, "_timestamp": 1706653904.8374915, "_runtime": 76.4777774810791, "_step": 9, "Epoch_MAPE_Loss": 0.8120376467704773, "_wandb": {"runtime": 84}}