{"MAPE_Loss": 2.164928674697876, "epoch": 41, "_timestamp": 1705967025.762176, "_runtime": 25793.243723154068, "_step": 123, "_wandb": {"runtime": 25973}}