{"MAPE_Loss": 0.7197609543800354, "epoch": 7, "_timestamp": 1706223319.66453, "_runtime": 2713.99103808403, "_step": 23}