{"MAPE_Loss": 491.11663818359375, "epoch": 1, "_timestamp": 1705867314.5975301, "_runtime": 1711.7679941654205, "_step": 47, "_wandb": {"runtime": 1737}}