{"MAPE_Loss": 0.7131575345993042, "epoch": 0, "_timestamp": 1706412966.5069041, "_runtime": 36.37114500999451, "_step": 0, "_wandb": {"runtime": 48}}